Society Name,Latitude,Longitude
Greenfield Heights,28.70413068,77.05347792
Emerald Bay,28.73879327,77.07183994
Pinewood Residences,28.70308302,77.10826304
Moonlight Apartments,28.71141539,77.07837557
Sunny Side Villas,28.7030651,77.09920854
Greenfield Heights,28.70267864,77.06336565
Sunny Side Villas,28.68872911,77.10271813
Emerald Bay,28.69450457,77.12668032
Evergreen Park,28.69165389,77.07940886
Blue Ridge Society,28.68737727,77.10333912
Rosewood Society,28.6983879,77.06472189
Palm Grove Estates,28.66635084,77.10967863
Evergreen Park,28.68395941,77.12592168
Maple Residency,28.75187877,77.08630775
Golden Springs,28.73719911,77.08065217
Sunset Heights,28.73538036,77.15148893
Crystal Towers,28.73211677,77.06215959
Rosewood Society,28.70527499,77.13041757
Maple Residency,28.69510951,77.07868525
Sunset Heights,28.68220933,77.12967152
Pinewood Residences,28.67266302,77.07265808
Golden Springs,28.69342455,77.14430358
Sunny Side Villas,28.7338225,77.08097942
Pinewood Residences,28.70243393,77.07245164
Golden Springs,28.74875583,77.12980557
Moonlight Apartments,28.65920828,77.15164697
Oceanview Homes,28.7071505,77.06702663
Crystal Towers,28.66875096,77.13561307
Greenfield Heights,28.68903636,77.11692264
Maple Residency,28.67674828,77.08927331
Blue Ridge Society,28.69512496,77.13984435
Sunset Heights,28.668059,77.05449739
Pinewood Residences,28.67808893,77.05699589
Oceanview Homes,28.71001465,77.13887199
Sunset Heights,28.73850354,77.09803338
Crystal Towers,28.65967972,77.11339224
Greenfield Heights,28.75261822,77.08511496
Maple Residency,28.65632435,77.06260496
Palm Grove Estates,28.74580293,77.07867322
Sunset Heights,28.67378119,77.11505513
Palm Grove Estates,28.72063424,77.14404416
Lakeview Enclave,28.71457229,77.0702651
Evergreen Park,28.69085738,77.1339038
Emerald Bay,28.72058648,77.06617778
Rosewood Society,28.68590595,77.11117603
Silver Oaks,28.71868277,77.07753688
Crystal Towers,28.7199853,77.07547968
Emerald Bay,28.65495433,77.09033512
Emerald Bay,28.70026031,77.10365651
Golden Springs,28.68099673,77.06986328
